<bpy>
  <Theme>
    <user_interface>
      <ThemeUserInterface
        menu_shadow_fac="0.418571"
        menu_shadow_width="4"
        icon_alpha="1"
        icon_saturation="0.5"
        widget_emboss="#00000005"
        editor_border="#292c3c"
        editor_outline="#62677f15"
        editor_outline_active="#ffffff2a"
        widget_text_cursor="#9760e6"
        panel_roundness="0.373545"
        transparent_checker_primary="#2b2e33"
        transparent_checker_secondary="#262626"
        transparent_checker_size="8"
        axis_x="#c6a0f6"
        axis_y="#a6d189"
        axis_z="#8caaee"
        gizmo_hi="#000000"
        gizmo_primary="#000000"
        gizmo_secondary="#000000"
        gizmo_view_align="#ffffff"
        gizmo_a="#000000"
        gizmo_b="#000000"
        icon_scene="#676d89ff"
        icon_collection="#676d89ff"
        icon_object="#676d89ff"
        icon_object_data="#676d89ff"
        icon_modifier="#676d89ff"
        icon_shading="#676d89ff"
        icon_folder="#676d89ff"
        icon_autokey="#676d89ff"
        icon_border_intensity="0"
        >
        <wcol_regular>
          <ThemeWidgetColors
            outline="#232634ff"
            inner="#232634ff"
            inner_sel="#8caaeea1"
            item="#3f3f3fff"
            text="#d5deff"
            text_sel="#ffffff"
            show_shaded="FALSE"
            shadetop="0"
            shadedown="-5"
            roundness="0.254962"
            >
          </ThemeWidgetColors>
        </wcol_regular>
        <wcol_tool>
          <ThemeWidgetColors
            outline="#23263400"
            inner="#232634ff"
            inner_sel="#c6a0f6ff"
            item="#ffffffff"
            text="#bec2e6"
            text_sel="#232634"
            show_shaded="FALSE"
            shadetop="0"
            shadedown="-5"
            roundness="0.300763"
            >
          </ThemeWidgetColors>
        </wcol_tool>
        <wcol_toolbar_item>
          <ThemeWidgetColors
            outline="#2a2a2aff"
            inner="#2e2e2eff"
            inner_sel="#c6a0f6ff"
            item="#ffffff67"
            text="#ffffff"
            text_sel="#ffffff"
            show_shaded="FALSE"
            shadetop="0"
            shadedown="0"
            roundness="0.3"
            >
          </ThemeWidgetColors>
        </wcol_toolbar_item>
        <wcol_radio>
          <ThemeWidgetColors
            outline="#232634ff"
            inner="#232634ff"
            inner_sel="#c6a0f6ff"
            item="#ffffffff"
            text="#b8bbd8"
            text_sel="#232634"
            show_shaded="FALSE"
            shadetop="5"
            shadedown="-5"
            roundness="0.3"
            >
          </ThemeWidgetColors>
        </wcol_radio>
        <wcol_text>
          <ThemeWidgetColors
            outline="#1d1d1dff"
            inner="#414559ff"
            inner_sel="#7f84adff"
            item="#333333ff"
            text="#d9e1ff"
            text_sel="#ffffff"
            show_shaded="FALSE"
            shadetop="-3"
            shadedown="0"
            roundness="0.308397"
            >
          </ThemeWidgetColors>
        </wcol_text>
        <wcol_option>
          <ThemeWidgetColors
            outline="#343434ff"
            inner="#ffffffff"
            inner_sel="#deafffff"
            item="#fffcfc00"
            text="#eeeeee"
            text_sel="#ffffff"
            show_shaded="FALSE"
            shadetop="-14"
            shadedown="0"
            roundness="0.5"
            >
          </ThemeWidgetColors>
        </wcol_option>
        <wcol_toggle>
          <ThemeWidgetColors
            outline="#313131ff"
            inner="#303446ff"
            inner_sel="#ca9ee6ff"
            item="#191919ff"
            text="#7d829e"
            text_sel="#232634"
            show_shaded="FALSE"
            shadetop="6"
            shadedown="0"
            roundness="0.300763"
            >
          </ThemeWidgetColors>
        </wcol_toggle>
        <wcol_num>
          <ThemeWidgetColors
            outline="#24242400"
            inner="#62677fff"
            inner_sel="#c6a0f650"
            item="#bababaff"
            text="#d6dcff"
            text_sel="#ffffff"
            show_shaded="TRUE"
            shadetop="0"
            shadedown="0"
            roundness="0.3"
            >
          </ThemeWidgetColors>
        </wcol_num>
        <wcol_numslider>
          <ThemeWidgetColors
            outline="#00000000"
            inner="#8c8eadff"
            inner_sel="#bec0edff"
            item="#c6a0f68c"
            text="#232634"
            text_sel="#232634"
            show_shaded="FALSE"
            shadetop="-4"
            shadedown="0"
            roundness="0.3"
            >
          </ThemeWidgetColors>
        </wcol_numslider>
        <wcol_box>
          <ThemeWidgetColors
            outline="#7d7d7d00"
            inner="#292c3cff"
            inner_sel="#f5f6f6ff"
            item="#c6c6c6ff"
            text="#95998a"
            text_sel="#ffffff"
            show_shaded="FALSE"
            shadetop="0"
            shadedown="0"
            roundness="0.277863"
            >
          </ThemeWidgetColors>
        </wcol_box>
        <wcol_menu>
          <ThemeWidgetColors
            outline="#232634ff"
            inner="#232634ff"
            inner_sel="#2f3446ff"
            item="#62677fff"
            text="#62677f"
            text_sel="#969bbb"
            show_shaded="FALSE"
            shadetop="10"
            shadedown="-10"
            roundness="0.244275"
            >
          </ThemeWidgetColors>
        </wcol_menu>
        <wcol_pulldown>
          <ThemeWidgetColors
            outline="#4d4d4d00"
            inner="#232634ed"
            inner_sel="#c6a0f67f"
            item="#727272ff"
            text="#c5c9ff"
            text_sel="#ffffff"
            show_shaded="FALSE"
            shadetop="25"
            shadedown="-20"
            roundness="0.0361111"
            >
          </ThemeWidgetColors>
        </wcol_pulldown>
        <wcol_menu_back>
          <ThemeWidgetColors
            outline="#8388a5ff"
            inner="#232634ff"
            inner_sel="#ffffffff"
            item="#727272ff"
            text="#ca9ee6"
            text_sel="#efe7ff"
            show_shaded="FALSE"
            shadetop="25"
            shadedown="-20"
            roundness="0.3"
            >
          </ThemeWidgetColors>
        </wcol_menu_back>
        <wcol_pie_menu>
          <ThemeWidgetColors
            outline="#303446ff"
            inner="#232634d9"
            inner_sel="#13141eff"
            item="#303446ff"
            text="#a5acd0"
            text_sel="#ffffff"
            show_shaded="FALSE"
            shadetop="10"
            shadedown="-10"
            roundness="0.3"
            >
          </ThemeWidgetColors>
        </wcol_pie_menu>
        <wcol_tooltip>
          <ThemeWidgetColors
            outline="#19191aff"
            inner="#232634ef"
            inner_sel="#333746ef"
            item="#19191aef"
            text="#b6b9d5"
            text_sel="#ffffff"
            show_shaded="FALSE"
            shadetop="25"
            shadedown="-20"
            roundness="0.3"
            >
          </ThemeWidgetColors>
        </wcol_tooltip>
        <wcol_menu_item>
          <ThemeWidgetColors
            outline="#49494900"
            inner="#292c3c00"
            inner_sel="#292c3ccf"
            item="#ffffff8f"
            text="#8388a5"
            text_sel="#ca9ee6"
            show_shaded="FALSE"
            shadetop="38"
            shadedown="0"
            roundness="0.3"
            >
          </ThemeWidgetColors>
        </wcol_menu_item>
        <wcol_scroll>
          <ThemeWidgetColors
            outline="#1d1d1dff"
            inner="#ca9ee659"
            inner_sel="#8d8d8dff"
            item="#ca9ee6ff"
            text="#ffffff"
            text_sel="#ffffff"
            show_shaded="FALSE"
            shadetop="5"
            shadedown="-5"
            roundness="0.3"
            >
          </ThemeWidgetColors>
        </wcol_scroll>
        <wcol_progress>
          <ThemeWidgetColors
            outline="#303446ff"
            inner="#2c2c2cff"
            inner_sel="#3034460f"
            item="#303446ff"
            text="#eeeeee"
            text_sel="#ffffff"
            show_shaded="FALSE"
            shadetop="0"
            shadedown="0"
            roundness="0.30299"
            >
          </ThemeWidgetColors>
        </wcol_progress>
        <wcol_list_item>
          <ThemeWidgetColors
            outline="#2d2d2dff"
            inner="#2d2d2d00"
            inner_sel="#303446ff"
            item="#b3b3b3ff"
            text="#cdd5ff"
            text_sel="#ffffff"
            show_shaded="FALSE"
            shadetop="0"
            shadedown="0"
            roundness="0.155725"
            >
          </ThemeWidgetColors>
        </wcol_list_item>
        <wcol_state>
          <ThemeWidgetStateColors
            error="#771111ff"
            warning="#ac8737ff"
            info="#28487dff"
            success="#188625ff"
            inner_anim="#30b18c"
            inner_anim_sel="#47f8d0"
            inner_key="#9278f0"
            inner_key_sel="#8957d7"
            inner_driven="#b400ff"
            inner_driven_sel="#9900e6"
            inner_overridden="#19c3c3"
            inner_overridden_sel="#00dbdb"
            inner_changed="#cc4497"
            inner_changed_sel="#d24bc5"
            blend="0.452381"
            >
          </ThemeWidgetStateColors>
        </wcol_state>
        <wcol_tab>
          <ThemeWidgetColors
            outline="#23263466"
            inner="#232634ff"
            inner_sel="#ca9ee6ff"
            item="#2d2d2dff"
            text="#dbe1ff"
            text_sel="#232634"
            show_shaded="FALSE"
            shadetop="0"
            shadedown="0"
            roundness="0.3"
            >
          </ThemeWidgetColors>
        </wcol_tab>
      </ThemeUserInterface>
    </user_interface>
    <view_3d>
      <ThemeView3D
        grid="#62677f3d"
        clipping_border_3d="#313131ff"
        wire="#000000"
        wire_edit="#111111"
        edge_width="1"
        gp_vertex="#000000"
        gp_vertex_select="#ff8500"
        gp_vertex_size="3"
        text_grease_pencil="#b5e61d"
        object_selected="#96b6ff"
        object_active="#a6d189"
        text_keyframe="#ddd700"
        camera="#000000"
        empty="#000000"
        light="#00000028"
        speaker="#000000"
        vertex="#000000"
        vertex_select="#e1d8ff"
        vertex_size="3"
        vertex_bevel="#8caaee"
        vertex_unreferenced="#000000"
        edge_select="#c6a0f6"
        edge_mode_select="#c6a0f6"
        edge_seam="#645adb"
        edge_sharp="#00ffff"
        edge_crease="#cc5cb0"
        edge_bevel="#00a5ff"
        edge_facesel="#4b4b4b"
        freestyle_edge_mark="#67ce86"
        face="#00000008"
        face_select="#6392ff41"
        face_mode_select="#7a27ff33"
        face_dot="#4d9b4d"
        facedot_size="2"
        freestyle_face_mark="#7fff7f33"
        face_retopology="#50c8ff0f"
        face_back="#ff0000b3"
        face_front="#0000ffb3"
        nurb_uline="#909000"
        nurb_vline="#803060"
        nurb_sel_uline="#f0ff40"
        nurb_sel_vline="#f090a0"
        act_spline="#8663ff"
        handle_free="#000000"
        handle_auto="#909000"
        handle_vect="#409030"
        handle_sel_vect="#58c051"
        handle_align="#8663ff"
        handle_sel_free="#000000"
        handle_sel_auto="#ffd147"
        handle_sel_align="#818181"
        lastsel_point="#ffffff"
        extra_edge_len="#150806"
        extra_edge_angle="#4d4d00"
        extra_face_angle="#0000cc"
        extra_face_area="#004d00"
        editmesh_active="#ffffff80"
        normal="#22dddd"
        vertex_normal="#2361dd"
        split_normal="#dd23dd"
        bone_pose="#33a68f"
        bone_pose_active="#8663ff"
        bone_solid="#737373"
        bone_locked_weight="#ff000080"
        frame_current="#60c040"
        before_current_frame="#f22e23"
        after_current_frame="#78f244"
        bundle_solid="#c8c8c8"
        camera_path="#000000"
        camera_passepartout="#000000"
        skin_root="#b44d4d"
        view_overlay="#000000"
        transform="#ffffff"
        paint_curve_handle="#7fff7f7f"
        paint_curve_pivot="#ff7f7f7f"
        outline_width="4"
        object_origin_size="6"
        >
        <space>
          <ThemeSpaceGradient
            title="#eeeeee"
            text="#a1abcd"
            text_hi="#d3d9ff"
            header="#00000000"
            header_text="#eeeeee"
            header_text_hi="#ffffff"
            button="#232634cc"
            button_title="#d7dfff"
            button_text="#a8b4dc"
            button_text_hi="#232634"
            navigation_bar="#0000008f"
            execution_buts="#00000000"
            tab_active="#c6a0f6"
            tab_inactive="#292c3c"
            tab_back="#232634ff"
            tab_outline="#35353500"
            >
            <gradients>
              <ThemeGradientColors
                background_type="SINGLE_COLOR"
                high_gradient="#141414"
                gradient="#191a2a"
                >
              </ThemeGradientColors>
            </gradients>
            <panelcolors>
              <ThemePanelColors
                header="#232634cc"
                back="#292c3ccc"
                sub_back="#0000003e"
                >
              </ThemePanelColors>
            </panelcolors>
          </ThemeSpaceGradient>
        </space>
        <asset_shelf>
          <ThemeAssetShelf
            header_back="#1d1d1dff"
            back="#303030ff"
            >
          </ThemeAssetShelf>
        </asset_shelf>
      </ThemeView3D>
    </view_3d>
    <graph_editor>
      <ThemeGraphEditor
        grid="#212121"
        frame_current="#8160e3"
        time_scrub_background="#292929e6"
        time_marker_line="#00000060"
        time_marker_line_selected="#ffffff60"
        window_sliders="#a1a1a1"
        channels_region="#222222"
        dopesheet_channel="#8160e3"
        dopesheet_subchannel="#4b4b4b"
        channel_group="#222222"
        active_channels_group="#8160e3"
        preview_range="#a14d0066"
        vertex="#b4b4b4"
        vertex_select="#ff9147"
        vertex_active="#ffffff"
        vertex_size="6"
        vertex_bevel="#000000"
        vertex_unreferenced="#000000"
        handle_free="#000000"
        handle_auto="#909000"
        handle_vect="#409030"
        handle_sel_vect="#40c030"
        handle_align="#803060"
        handle_sel_free="#000000"
        handle_sel_auto="#ffe150"
        handle_sel_align="#9c6cf0"
        handle_auto_clamped="#9860c4"
        handle_sel_auto_clamped="#9c6cf0"
        lastsel_point="#ffffff"
        handle_vertex="#555555"
        handle_vertex_select="#78ffec"
        handle_vertex_size="5"
        >
        <space>
          <ThemeSpaceGeneric
            back="#202020"
            title="#ffffff"
            text="#c5c5c5"
            text_hi="#ffffff"
            header="#2e2e2eff"
            header_text="#eeeeee"
            header_text_hi="#ffffff"
            button="#191919ff"
            button_title="#ffffff"
            button_text="#e5e5e5"
            button_text_hi="#ffffff"
            navigation_bar="#00000000"
            execution_buts="#00000000"
            tab_active="#e32230"
            tab_inactive="#191919"
            tab_back="#202020ff"
            tab_outline="#2d2d2dff"
            >
            <panelcolors>
              <ThemePanelColors
                header="#191919cc"
                back="#3d3d3db3"
                sub_back="#0000003e"
                >
              </ThemePanelColors>
            </panelcolors>
          </ThemeSpaceGeneric>
        </space>
        <space_list>
          <ThemeSpaceListGeneric
            list="#202020"
            list_title="#ffffff"
            list_text="#b1b1b1"
            list_text_hi="#ffffff"
            >
          </ThemeSpaceListGeneric>
        </space_list>
      </ThemeGraphEditor>
    </graph_editor>
    <file_browser>
      <ThemeFileBrowser
        selected_file="#8759c2"
        row_alternate="#ffffff07"
        >
        <space>
          <ThemeSpaceGeneric
            back="#292c3c"
            title="#ffffff"
            text="#dbe1ff"
            text_hi="#ffffff"
            header="#232634ff"
            header_text="#eeeeee"
            header_text_hi="#ffffff"
            button="#232634ff"
            button_title="#ffffff"
            button_text="#e5e5e5"
            button_text_hi="#ffffff"
            navigation_bar="#00000000"
            execution_buts="#00000000"
            tab_active="#a884e3"
            tab_inactive="#191919"
            tab_back="#232323ff"
            tab_outline="#2d2d2dff"
            >
            <panelcolors>
              <ThemePanelColors
                header="#232634ff"
                back="#292c3cff"
                sub_back="#0000003e"
                >
              </ThemePanelColors>
            </panelcolors>
          </ThemeSpaceGeneric>
        </space>
      </ThemeFileBrowser>
    </file_browser>
    <nla_editor>
      <ThemeNLAEditor
        grid="#5e5e5e"
        view_sliders="#969696"
        dopesheet_channel="#2d7062"
        dopesheet_subchannel="#7d98b3"
        nla_track="#424242"
        active_action="#8160e34d"
        active_action_unset="#8072994d"
        preview_range="#a14d0066"
        strips="#555f92"
        strips_selected="#b694ff"
        transition_strips="#1c2630"
        transition_strips_selected="#2e75db"
        meta_strips="#332642"
        meta_strips_selected="#692196"
        sound_strips="#2b3d3d"
        sound_strips_selected="#1f7a7a"
        tweak="#4df31a"
        tweak_duplicate="#d90000"
        keyframe_border="#000000ff"
        keyframe_border_selected="#000000ff"
        frame_current="#7a5ee3"
        time_scrub_background="#292929e6"
        time_marker_line="#00000060"
        time_marker_line_selected="#ffffff60"
        >
        <space>
          <ThemeSpaceGeneric
            back="#191919"
            title="#ffffff"
            text="#ffffff"
            text_hi="#ffffff"
            header="#2e2e2eff"
            header_text="#eeeeee"
            header_text_hi="#ffffff"
            button="#191919ff"
            button_title="#ffffff"
            button_text="#e5e5e5"
            button_text_hi="#ffffff"
            navigation_bar="#00000000"
            execution_buts="#00000000"
            tab_active="#e32230"
            tab_inactive="#191919"
            tab_back="#232323ff"
            tab_outline="#2d2d2dff"
            >
            <panelcolors>
              <ThemePanelColors
                header="#191919cc"
                back="#333333b3"
                sub_back="#0000003e"
                >
              </ThemePanelColors>
            </panelcolors>
          </ThemeSpaceGeneric>
        </space>
        <space_list>
          <ThemeSpaceListGeneric
            list="#2e2e2e"
            list_title="#ffffff"
            list_text="#cccccc"
            list_text_hi="#cccccc"
            >
          </ThemeSpaceListGeneric>
        </space_list>
      </ThemeNLAEditor>
    </nla_editor>
    <dopesheet_editor>
      <ThemeDopeSheet
        grid="#363636"
        frame_current="#7c74e3"
        time_scrub_background="#292929e6"
        time_marker_line="#00000060"
        time_marker_line_selected="#ffffff60"
        value_sliders="#000000"
        view_sliders="#a1a1a1"
        dopesheet_channel="#9b7ac2ff"
        dopesheet_subchannel="#4b4b4b16"
        channels="#20202058"
        channels_selected="#6f5fe385"
        channel_group="#20202050"
        active_channels_group="#25753d55"
        long_key="#1a151580"
        long_key_selected="#c3a8ffcc"
        keyframe="#e8e8e8"
        keyframe_selected="#9c68ff"
        keyframe_extreme="#e8b3cc"
        keyframe_extreme_selected="#f28080"
        keyframe_breakdown="#b3dbe8"
        keyframe_breakdown_selected="#54bfed"
        keyframe_jitter="#94e575"
        keyframe_jitter_selected="#61c042"
        keyframe_movehold="#6d6d6d"
        keyframe_movehold_selected="#ffc12b"
        keyframe_generated="#585858"
        keyframe_generated_selected="#a28962"
        keyframe_border="#000000ff"
        keyframe_border_selected="#55ff97ff"
        keyframe_scale_factor="1"
        summary="#161616ff"
        preview_range="#a14d0066"
        interpolation_line="#94e575cc"
        simulated_frames="#721e65ff"
        >
        <space>
          <ThemeSpaceGeneric
            back="#191919"
            title="#eeeeee"
            text="#c5c5c5"
            text_hi="#eeeeee"
            header="#2e2e2eff"
            header_text="#eeeeee"
            header_text_hi="#ffffff"
            button="#191919ff"
            button_title="#ffffff"
            button_text="#e5e5e5"
            button_text_hi="#ffffff"
            navigation_bar="#00000000"
            execution_buts="#00000000"
            tab_active="#e32230"
            tab_inactive="#191919"
            tab_back="#232323ff"
            tab_outline="#2d2d2dff"
            >
            <panelcolors>
              <ThemePanelColors
                header="#191919cc"
                back="#2c2c2ca1"
                sub_back="#00000046"
                >
              </ThemePanelColors>
            </panelcolors>
          </ThemeSpaceGeneric>
        </space>
        <space_list>
          <ThemeSpaceListGeneric
            list="#202020"
            list_title="#d8d8d8"
            list_text="#b1b1b1"
            list_text_hi="#ffffff"
            >
          </ThemeSpaceListGeneric>
        </space_list>
      </ThemeDopeSheet>
    </dopesheet_editor>
    <image_editor>
      <ThemeImageEditor
        grid="#2a2a2aff"
        vertex="#000000"
        vertex_select="#56ffc1"
        vertex_size="3"
        vertex_bevel="#000000"
        vertex_unreferenced="#000000"
        face="#ffffff0a"
        face_select="#56ffc145"
        face_mode_select="#00000000"
        face_dot="#a1ff2f"
        facedot_size="3"
        freestyle_face_mark="#7fff7f33"
        face_retopology="#00000000"
        face_back="#00000000"
        face_front="#00000000"
        editmesh_active="#ffffff80"
        wire_edit="#c0c0c0"
        edge_width="1"
        edge_select="#56ffc1"
        scope_back="#727272ff"
        preview_stitch_face="#7f7f0033"
        preview_stitch_edge="#ff00ff33"
        preview_stitch_vert="#0000ff33"
        preview_stitch_stitchable="#00ff00ff"
        preview_stitch_unstitchable="#ff0000ff"
        preview_stitch_active="#e1d2c323"
        uv_shadow="#707070ff"
        frame_current="#60c040"
        metadatabg="#000000"
        metadatatext="#ffffff"
        handle_free="#000000"
        handle_auto="#909000"
        handle_align="#803060"
        handle_sel_free="#000000"
        handle_sel_auto="#f0ff40"
        handle_sel_align="#f090a0"
        handle_auto_clamped="#000000"
        handle_sel_auto_clamped="#000000"
        handle_vertex="#000000"
        handle_vertex_select="#ffff00"
        handle_vertex_size="5"
        paint_curve_handle="#7fff7f7f"
        paint_curve_pivot="#ff7f7f7f"
        >
        <space>
          <ThemeSpaceGeneric
            back="#292c3c"
            title="#eeeeee"
            text="#ffffff"
            text_hi="#ffffff"
            header="#232634ff"
            header_text="#eeeeee"
            header_text_hi="#ffffff"
            button="#191919ff"
            button_title="#ffffff"
            button_text="#e5e5e5"
            button_text_hi="#ffffff"
            navigation_bar="#00000000"
            execution_buts="#00000000"
            tab_active="#2a8004"
            tab_inactive="#191919"
            tab_back="#232323ff"
            tab_outline="#2d2d2dff"
            >
            <panelcolors>
              <ThemePanelColors
                header="#191919cc"
                back="#333333b3"
                sub_back="#0000003e"
                >
              </ThemePanelColors>
            </panelcolors>
          </ThemeSpaceGeneric>
        </space>
        <asset_shelf>
          <ThemeAssetShelf
            header_back="#1d1d1dff"
            back="#303030ff"
            >
          </ThemeAssetShelf>
        </asset_shelf>
      </ThemeImageEditor>
    </image_editor>
    <sequence_editor>
      <ThemeSequenceEditor
        grid="#404040"
        window_sliders="#a0a0a0"
        movie_strip="#516987"
        movieclip_strip="#20208f"
        image_strip="#6d5881"
        scene_strip="#4e983e"
        audio_strip="#2e8f8f"
        effect_strip="#a9547c"
        transition_strip="#50458f"
        color_strip="#8f8f8f"
        meta_strip="#6d9183"
        mask_strip="#666666"
        text_strip="#a29700"
        active_strip="#d9d9d9"
        selected_strip="#ff8f0d"
        frame_current="#8a45e3"
        time_scrub_background="#292929e6"
        time_marker_line="#00000060"
        time_marker_line_selected="#ffffff60"
        keyframe="#ff8500"
        keyframe_selected="#ffbe33"
        keyframe_breakdown="#b3dbe8"
        keyframe_breakdown_selected="#54bfed"
        keyframe_movehold="#808080"
        keyframe_movehold_selected="#ffaf23"
        keyframe_generated="#585858"
        keyframe_generated_selected="#a28962"
        keyframe_border="#000000ff"
        keyframe_border_selected="#000000ff"
        draw_action="#50c8ff"
        preview_back="#000000"
        metadatabg="#000000"
        metadatatext="#ffffff"
        preview_range="#a14d0066"
        row_alternate="#ffffff0d"
        text_strip_cursor="#71a8ffff"
        selected_text="#ffffff4d"
        >
        <space>
          <ThemeSpaceGeneric
            back="#191919"
            title="#eeeeee"
            text="#c5c5c5"
            text_hi="#ffffff"
            header="#191919ff"
            header_text="#eeeeee"
            header_text_hi="#ffffff"
            button="#191919ff"
            button_title="#ffffff"
            button_text="#e5e5e5"
            button_text_hi="#ffffff"
            navigation_bar="#00000000"
            execution_buts="#00000000"
            tab_active="#e32230"
            tab_inactive="#191919"
            tab_back="#232323ff"
            tab_outline="#2d2d2dff"
            >
            <panelcolors>
              <ThemePanelColors
                header="#191919cc"
                back="#333333b3"
                sub_back="#0000003e"
                >
              </ThemePanelColors>
            </panelcolors>
          </ThemeSpaceGeneric>
        </space>
        <space_list>
          <ThemeSpaceListGeneric
            list="#181818"
            list_title="#ffffff"
            list_text="#ffffff"
            list_text_hi="#ffffff"
            >
          </ThemeSpaceListGeneric>
        </space_list>
      </ThemeSequenceEditor>
    </sequence_editor>
    <properties>
      <ThemeProperties
        match="#b6c5ee"
        active_modifier="#b6c5eeff"
        >
        <space>
          <ThemeSpaceGeneric
            back="#292c3c"
            title="#d4dcff"
            text="#dce3ff"
            text_hi="#ffffff"
            header="#232634ff"
            header_text="#eeeeee"
            header_text_hi="#ffffff"
            button="#191919ff"
            button_title="#ffffff"
            button_text="#a7a7a7"
            button_text_hi="#ffffff"
            navigation_bar="#232634ff"
            execution_buts="#00000000"
            tab_active="#e32230"
            tab_inactive="#28292a"
            tab_back="#191a2aff"
            tab_outline="#191a2aff"
            >
            <panelcolors>
              <ThemePanelColors
                header="#34978400"
                back="#00000028"
                sub_back="#00000024"
                >
              </ThemePanelColors>
            </panelcolors>
          </ThemeSpaceGeneric>
        </space>
      </ThemeProperties>
    </properties>
    <text_editor>
      <ThemeTextEditor
        line_numbers="#a3abcd"
        line_numbers_background="#232634"
        selected_text="#383d4c"
        cursor="#c6a0f6"
        syntax_builtin="#a6d189"
        syntax_symbols="#3b97ff"
        syntax_special="#3b97ff"
        syntax_preprocessor="#ad80ff"
        syntax_reserved="#c4753b"
        syntax_comment="#8f8f8f"
        syntax_string="#eea952"
        syntax_numbers="#55ffae"
        >
        <space>
          <ThemeSpaceGeneric
            back="#232634"
            title="#eeeeee"
            text="#d7e0ff"
            text_hi="#ffffff"
            header="#19191900"
            header_text="#eeeeee"
            header_text_hi="#ffffff"
            button="#191919ff"
            button_title="#ffffff"
            button_text="#e5e5e5"
            button_text_hi="#ffffff"
            navigation_bar="#00000000"
            execution_buts="#00000000"
            tab_active="#e32230"
            tab_inactive="#191919"
            tab_back="#232323ff"
            tab_outline="#2d2d2dff"
            >
            <panelcolors>
              <ThemePanelColors
                header="#19191900"
                back="#191919b3"
                sub_back="#0000003e"
                >
              </ThemePanelColors>
            </panelcolors>
          </ThemeSpaceGeneric>
        </space>
      </ThemeTextEditor>
    </text_editor>
    <node_editor>
      <ThemeNodeEditor
        grid="#232323"
        node_selected="#43dba8"
        node_active="#a879ff"
        wire="#d3d5daff"
        wire_inner="#aeb2b4"
        wire_select="#997cffb3"
        selected_text="#7f7070"
        node_backdrop="#242424ff"
        converter_node="#5eaeff"
        color_node="#fff8ae"
        group_node="#58ffe9"
        group_socket_node="#1a1a1a"
        frame_node="#99979ba0"
        matte_node="#975b5b"
        distor_node="#749797"
        noodle_curving="4"
        grid_levels="0"
        dash_alpha="0.5"
        input_node="#e64555"
        output_node="#00ffe9"
        filter_node="#584d80"
        vector_node="#9b80ff"
        texture_node="#e68745"
        shader_node="#a879ff"
        script_node="#084d4d"
        pattern_node="#6a6a6f"
        layout_node="#6a6c6f"
        geometry_node="#54d79e"
        attribute_node="#3f5980"
        simulation_zone="#66416233"
        repeat_zone="#76512f33"
        foreach_geometry_element_zone="#33527f33"
        closure_zone="#527f3333"
        >
        <space>
          <ThemeSpaceGeneric
            back="#1b1b1b"
            title="#eeeeee"
            text="#fdfcff"
            text_hi="#ffffff"
            header="#191919ff"
            header_text="#eeeeee"
            header_text_hi="#ffffff"
            button="#1d1d1dff"
            button_title="#ffffff"
            button_text="#e5e5e5"
            button_text_hi="#ffffff"
            navigation_bar="#00000000"
            execution_buts="#00000000"
            tab_active="#917fe3"
            tab_inactive="#191919"
            tab_back="#232323ff"
            tab_outline="#2d2d2dff"
            >
            <panelcolors>
              <ThemePanelColors
                header="#1d1d1dcc"
                back="#1f1f1f00"
                sub_back="#0000003e"
                >
              </ThemePanelColors>
            </panelcolors>
          </ThemeSpaceGeneric>
        </space>
        <space_list>
          <ThemeSpaceListGeneric
            list="#242424"
            list_title="#ffffff"
            list_text="#cccccc"
            list_text_hi="#ffffff"
            >
          </ThemeSpaceListGeneric>
        </space_list>
      </ThemeNodeEditor>
    </node_editor>
    <outliner>
      <ThemeOutliner
        match="#62677f"
        selected_highlight="#3a3a50"
        active="#62677f"
        selected_object="#aeaeae"
        active_object="#ffffff"
        edited_object="#a6d18966"
        row_alternate="#ffffff07"
        >
        <space>
          <ThemeSpaceGeneric
            back="#232634"
            title="#ffffff"
            text="#9ea3c9"
            text_hi="#ffffff"
            header="#232634ff"
            header_text="#eeeeee"
            header_text_hi="#ffffff"
            button="#191919ff"
            button_title="#ffffff"
            button_text="#e5e5e5"
            button_text_hi="#ffffff"
            navigation_bar="#00000000"
            execution_buts="#00000000"
            tab_active="#783ae3"
            tab_inactive="#191919"
            tab_back="#232323ff"
            tab_outline="#2d2d2dff"
            >
            <panelcolors>
              <ThemePanelColors
                header="#191919cc"
                back="#333333b3"
                sub_back="#0000003e"
                >
              </ThemePanelColors>
            </panelcolors>
          </ThemeSpaceGeneric>
        </space>
      </ThemeOutliner>
    </outliner>
    <info>
      <ThemeInfo
        info_selected="#4a3b5b"
        info_selected_text="#ffffff"
        info_error_text="#ffffff"
        info_warning_text="#ffffff"
        info_info_text="#ffffff"
        info_debug="#d3d3d3ff"
        info_debug_text="#000000"
        info_property="#a6d189ff"
        info_property_text="#232634"
        info_operator="#a6d189ff"
        info_operator_text="#232634"
        >
        <space>
          <ThemeSpaceGeneric
            back="#232634"
            title="#eeeeee"
            text="#ffffff"
            text_hi="#ffffff"
            header="#232634ff"
            header_text="#eeeeee"
            header_text_hi="#ffffff"
            button="#191919ff"
            button_title="#ffffff"
            button_text="#e5e5e5"
            button_text_hi="#ffffff"
            navigation_bar="#00000000"
            execution_buts="#00000000"
            tab_active="#e32230"
            tab_inactive="#191919"
            tab_back="#232323ff"
            tab_outline="#2d2d2dff"
            >
            <panelcolors>
              <ThemePanelColors
                header="#191919cc"
                back="#333333b3"
                sub_back="#0000003e"
                >
              </ThemePanelColors>
            </panelcolors>
          </ThemeSpaceGeneric>
        </space>
      </ThemeInfo>
    </info>
    <preferences>
      <ThemePreferences>
        <space>
          <ThemeSpaceGeneric
            back="#292c3c"
            title="#979cc1"
            text="#979cc1"
            text_hi="#ffffff"
            header="#232634ff"
            header_text="#eeeeee"
            header_text_hi="#ffffff"
            button="#424242ff"
            button_title="#ffffff"
            button_text="#e5e5e5"
            button_text_hi="#ffffff"
            navigation_bar="#232634ff"
            execution_buts="#232634ff"
            tab_active="#4b4b4b"
            tab_inactive="#2b2b2b"
            tab_back="#232323ff"
            tab_outline="#232323ff"
            >
            <panelcolors>
              <ThemePanelColors
                header="#42424200"
                back="#303446b3"
                sub_back="#0000003e"
                >
              </ThemePanelColors>
            </panelcolors>
          </ThemeSpaceGeneric>
        </space>
      </ThemePreferences>
    </preferences>
    <console>
      <ThemeConsole
        line_output="#7c7c7c"
        line_input="#cad2ff"
        line_info="#a6d189"
        line_error="#de6f6f"
        cursor="#c6a0f6"
        select="#ffffff30"
        >
        <space>
          <ThemeSpaceGeneric
            back="#232634"
            title="#eeeeee"
            text="#ffffff"
            text_hi="#ffffff"
            header="#232634ff"
            header_text="#eeeeee"
            header_text_hi="#ffffff"
            button="#191919ff"
            button_title="#ffffff"
            button_text="#e5e5e5"
            button_text_hi="#ffffff"
            navigation_bar="#00000000"
            execution_buts="#00000000"
            tab_active="#e32230"
            tab_inactive="#191919"
            tab_back="#232323ff"
            tab_outline="#2d2d2dff"
            >
            <panelcolors>
              <ThemePanelColors
                header="#191919cc"
                back="#333333b3"
                sub_back="#0000003e"
                >
              </ThemePanelColors>
            </panelcolors>
          </ThemeSpaceGeneric>
        </space>
      </ThemeConsole>
    </console>
    <clip_editor>
      <ThemeClipEditor
        grid="#424242ff"
        marker_outline="#000000"
        marker="#7f7f00"
        active_marker="#ffffff"
        selected_marker="#ffff00"
        disabled_marker="#7f0000"
        locked_marker="#7f7f7f"
        path_before="#ff0000"
        path_after="#0000ff"
        path_keyframe_before="#ffc4c4"
        path_keyframe_after="#c4c4ff"
        frame_current="#308837"
        time_scrub_background="#292929e6"
        time_marker_line="#00000060"
        time_marker_line_selected="#ffffff60"
        strips="#0c0a0a"
        strips_selected="#ff8c00"
        metadatabg="#000000"
        metadatatext="#ffffff"
        preview_range="#a14d0066"
        handle_free="#000000"
        handle_auto="#909000"
        handle_align="#803060"
        handle_sel_free="#000000"
        handle_sel_auto="#f0ff40"
        handle_sel_align="#f090a0"
        handle_auto_clamped="#000000"
        handle_sel_auto_clamped="#000000"
        handle_vertex="#000000"
        handle_vertex_select="#ffff00"
        handle_vertex_size="5"
        >
        <space>
          <ThemeSpaceGeneric
            back="#121212"
            title="#eeeeee"
            text="#ffffff"
            text_hi="#ffffff"
            header="#191919ff"
            header_text="#eeeeee"
            header_text_hi="#ffffff"
            button="#191919ff"
            button_title="#ffffff"
            button_text="#e5e5e5"
            button_text_hi="#ffffff"
            navigation_bar="#00000000"
            execution_buts="#00000000"
            tab_active="#e32230"
            tab_inactive="#191919"
            tab_back="#232323ff"
            tab_outline="#2d2d2dff"
            >
            <panelcolors>
              <ThemePanelColors
                header="#191919cc"
                back="#333333b3"
                sub_back="#0000003e"
                >
              </ThemePanelColors>
            </panelcolors>
          </ThemeSpaceGeneric>
        </space>
        <space_list>
          <ThemeSpaceListGeneric
            list="#666666"
            list_title="#000000"
            list_text="#000000"
            list_text_hi="#ffffff"
            >
          </ThemeSpaceListGeneric>
        </space_list>
      </ThemeClipEditor>
    </clip_editor>
    <topbar>
      <ThemeTopBar>
        <space>
          <ThemeSpaceGeneric
            back="#000000"
            title="#ffffff"
            text="#ffffff"
            text_hi="#ffffff"
            header="#232634ff"
            header_text="#eeeeee"
            header_text_hi="#ffffff"
            button="#191919ff"
            button_title="#ffffff"
            button_text="#e5e5e5"
            button_text_hi="#ffffff"
            navigation_bar="#00000000"
            execution_buts="#00000000"
            tab_active="#e32230"
            tab_inactive="#191919"
            tab_back="#232323ff"
            tab_outline="#2d2d2dff"
            >
            <panelcolors>
              <ThemePanelColors
                header="#191919cc"
                back="#333333b3"
                sub_back="#0000003e"
                >
              </ThemePanelColors>
            </panelcolors>
          </ThemeSpaceGeneric>
        </space>
      </ThemeTopBar>
    </topbar>
    <statusbar>
      <ThemeStatusBar>
        <space>
          <ThemeSpaceGeneric
            back="#232634"
            title="#ffffff"
            text="#e5e8ff"
            text_hi="#ffffff"
            header="#232634ff"
            header_text="#d6dcff"
            header_text_hi="#ffffff"
            button="#272727ff"
            button_title="#000000"
            button_text="#000000"
            button_text_hi="#ffffff"
            navigation_bar="#00000000"
            execution_buts="#00000000"
            tab_active="#e32230"
            tab_inactive="#191919"
            tab_back="#232323ff"
            tab_outline="#2d2d2dff"
            >
            <panelcolors>
              <ThemePanelColors
                header="#191919cc"
                back="#333333b3"
                sub_back="#0000003e"
                >
              </ThemePanelColors>
            </panelcolors>
          </ThemeSpaceGeneric>
        </space>
      </ThemeStatusBar>
    </statusbar>
    <spreadsheet>
      <ThemeSpreadsheet
        row_alternate="#ffffff04"
        >
        <space>
          <ThemeSpaceGeneric
            back="#282828"
            title="#ffffff"
            text="#c3c3c3"
            text_hi="#ffffff"
            header="#303030b3"
            header_text="#eeeeee"
            header_text_hi="#ffffff"
            button="#30303000"
            button_title="#ffffff"
            button_text="#cccccc"
            button_text_hi="#ffffff"
            navigation_bar="#1d1d1dff"
            execution_buts="#303030ff"
            tab_active="#303030"
            tab_inactive="#1d1d1d"
            tab_back="#181818ff"
            tab_outline="#3d3d3dff"
            >
            <panelcolors>
              <ThemePanelColors
                header="#3d3d3dff"
                back="#3d3d3dff"
                sub_back="#0000001f"
                >
              </ThemePanelColors>
            </panelcolors>
          </ThemeSpaceGeneric>
        </space>
        <space_list>
          <ThemeSpaceListGeneric
            list="#303030"
            list_title="#c3c3c3"
            list_text="#b8b8b8"
            list_text_hi="#ffaf23"
            >
          </ThemeSpaceListGeneric>
        </space_list>
      </ThemeSpreadsheet>
    </spreadsheet>
    <bone_color_sets>
      <ThemeBoneColorSet
        normal="#9a0000"
        select="#bd1111"
        active="#f70a0a"
        show_colored_constraints="FALSE"
        >
      </ThemeBoneColorSet>
      <ThemeBoneColorSet
        normal="#f74018"
        select="#f66913"
        active="#fa9900"
        show_colored_constraints="FALSE"
        >
      </ThemeBoneColorSet>
      <ThemeBoneColorSet
        normal="#1e9109"
        select="#59b70b"
        active="#83ef1d"
        show_colored_constraints="FALSE"
        >
      </ThemeBoneColorSet>
      <ThemeBoneColorSet
        normal="#0a3694"
        select="#3667df"
        active="#5ec1ef"
        show_colored_constraints="FALSE"
        >
      </ThemeBoneColorSet>
      <ThemeBoneColorSet
        normal="#a9294e"
        select="#c1416a"
        active="#f05d91"
        show_colored_constraints="FALSE"
        >
      </ThemeBoneColorSet>
      <ThemeBoneColorSet
        normal="#430c78"
        select="#543aa3"
        active="#8764d5"
        show_colored_constraints="FALSE"
        >
      </ThemeBoneColorSet>
      <ThemeBoneColorSet
        normal="#24785a"
        select="#3c9579"
        active="#6fb6ab"
        show_colored_constraints="FALSE"
        >
      </ThemeBoneColorSet>
      <ThemeBoneColorSet
        normal="#4b707c"
        select="#6a8691"
        active="#9bc2cd"
        show_colored_constraints="FALSE"
        >
      </ThemeBoneColorSet>
      <ThemeBoneColorSet
        normal="#f4c90c"
        select="#eec236"
        active="#f3ff00"
        show_colored_constraints="FALSE"
        >
      </ThemeBoneColorSet>
      <ThemeBoneColorSet
        normal="#1e2024"
        select="#484c56"
        active="#ffffff"
        show_colored_constraints="FALSE"
        >
      </ThemeBoneColorSet>
      <ThemeBoneColorSet
        normal="#6f2f6a"
        select="#9845be"
        active="#d330d6"
        show_colored_constraints="FALSE"
        >
      </ThemeBoneColorSet>
      <ThemeBoneColorSet
        normal="#6c8e22"
        select="#7fb022"
        active="#bbef5b"
        show_colored_constraints="FALSE"
        >
      </ThemeBoneColorSet>
      <ThemeBoneColorSet
        normal="#8d8d8d"
        select="#b0b0b0"
        active="#dedede"
        show_colored_constraints="FALSE"
        >
      </ThemeBoneColorSet>
      <ThemeBoneColorSet
        normal="#834326"
        select="#8b5811"
        active="#bd6a11"
        show_colored_constraints="FALSE"
        >
      </ThemeBoneColorSet>
      <ThemeBoneColorSet
        normal="#08310e"
        select="#1c430b"
        active="#34622b"
        show_colored_constraints="FALSE"
        >
      </ThemeBoneColorSet>
      <ThemeBoneColorSet
        normal="#000000"
        select="#000000"
        active="#000000"
        show_colored_constraints="FALSE"
        >
      </ThemeBoneColorSet>
      <ThemeBoneColorSet
        normal="#000000"
        select="#000000"
        active="#000000"
        show_colored_constraints="FALSE"
        >
      </ThemeBoneColorSet>
      <ThemeBoneColorSet
        normal="#000000"
        select="#000000"
        active="#000000"
        show_colored_constraints="FALSE"
        >
      </ThemeBoneColorSet>
      <ThemeBoneColorSet
        normal="#000000"
        select="#000000"
        active="#000000"
        show_colored_constraints="FALSE"
        >
      </ThemeBoneColorSet>
      <ThemeBoneColorSet
        normal="#000000"
        select="#000000"
        active="#000000"
        show_colored_constraints="FALSE"
        >
      </ThemeBoneColorSet>
    </bone_color_sets>
    <collection_color>
      <ThemeCollectionColor
        color="#7f61e4"
        >
      </ThemeCollectionColor>
      <ThemeCollectionColor
        color="#4cefb9"
        >
      </ThemeCollectionColor>
      <ThemeCollectionColor
        color="#ab94e4"
        >
      </ThemeCollectionColor>
      <ThemeCollectionColor
        color="#6582c5"
        >
      </ThemeCollectionColor>
      <ThemeCollectionColor
        color="#c24fbd"
        >
      </ThemeCollectionColor>
      <ThemeCollectionColor
        color="#5271dc"
        >
      </ThemeCollectionColor>
      <ThemeCollectionColor
        color="#4b2499"
        >
      </ThemeCollectionColor>
      <ThemeCollectionColor
        color="#449f6e"
        >
      </ThemeCollectionColor>
    </collection_color>
    <strip_color>
      <ThemeStripColor
        color="#e2605b"
        >
      </ThemeStripColor>
      <ThemeStripColor
        color="#f1a355"
        >
      </ThemeStripColor>
      <ThemeStripColor
        color="#f1dc55"
        >
      </ThemeStripColor>
      <ThemeStripColor
        color="#7bcc7b"
        >
      </ThemeStripColor>
      <ThemeStripColor
        color="#5db6ea"
        >
      </ThemeStripColor>
      <ThemeStripColor
        color="#8d59da"
        >
      </ThemeStripColor>
      <ThemeStripColor
        color="#c673b8"
        >
      </ThemeStripColor>
      <ThemeStripColor
        color="#7a5441"
        >
      </ThemeStripColor>
      <ThemeStripColor
        color="#5f5f5f"
        >
      </ThemeStripColor>
    </strip_color>
  </Theme>
  <ThemeStyle>
    <panel_title>
      <ThemeFontStyle
        points="13"
        character_weight="400"
        shadow="1"
        shadow_offset_x="0"
        shadow_offset_y="-1"
        shadow_alpha="0.15"
        shadow_value="1"
        >
      </ThemeFontStyle>
    </panel_title>
    <widget>
      <ThemeFontStyle
        points="11"
        character_weight="400"
        shadow="0"
        shadow_offset_x="0"
        shadow_offset_y="0"
        shadow_alpha="0.25"
        shadow_value="0"
        >
      </ThemeFontStyle>
    </widget>
    <tooltip>
      <ThemeFontStyle
        points="11"
        character_weight="400"
        shadow="1"
        shadow_offset_x="0"
        shadow_offset_y="-1"
        shadow_alpha="0.5"
        shadow_value="0"
        >
      </ThemeFontStyle>
    </tooltip>
  </ThemeStyle>
</bpy>
